Date,Temperature_2m_C,Relative_Humidity_2m_%,Wind_Speed_2m_mps,Solar_Radiation_MJ/m2,daylight_hours
2006-01-01,11.8,44.51,1.2,2.91,9.973761203555556
2006-01-02,14.83,45.22,2.15,2.79,9.98297754208
2006-01-03,14.35,48.32,1.03,3.57,9.992995160426668
2006-01-04,13.51,21.94,1.51,3.55,10.003804694684444
2006-01-05,15.08,20.54,3.29,3.74,10.0153960576
2006-01-06,15.53,14.51,2.79,3.86,10.027758464817778
2006-01-07,15.1,16.57,2.12,3.33,10.040880477795556
2006-01-08,14.31,17.45,1.14,3.87,10.054750077262222
2006-01-09,12.04,14.95,2.95,3.87,10.06935476369778
2006-01-10,13.28,10.39,2.18,3.94,10.084681667804444
2006-01-11,12.4,13.66,1.64,3.87,10.100717643946666
2006-01-12,13.13,16.94,1.23,3.58,10.117449332017777
2006-01-13,14.17,16.82,2.79,3.83,10.134863190648888
2006-01-14,15.08,19.3,2.34,3.06,10.152945516017777
2006-01-15,10.95,44.39,2.29,3.8,10.1716824576
2006-01-16,7.68,30.31,1.57,4.07,10.191060030933333
2006-01-17,7.2,18.54,1.33,3.95,10.211064125333333
2006-01-18,10.39,18.76,1.37,3.61,10.231680506097778
2006-01-19,9.82,31.3,2.47,3.72,10.25289481543111
2006-01-20,8.16,27.44,1.59,4.19,10.274692581511111
2006-01-21,9.1,18.57,2.0,4.26,10.297059227448889
2006-01-22,9.65,17.44,1.93,4.19,10.319980076728887
2006-01-23,12.29,16.87,4.06,4.17,10.34344034919111
2006-01-24,14.63,17.12,3.73,3.66,10.367425149333334
2006-01-25,12.48,38.57,2.7,4.14,10.39191945400889
2006-01-26,11.14,31.24,1.27,3.99,10.416908102826667
2006-01-27,10.47,30.62,2.05,4.29,10.442375799537777
2006-01-28,10.2,31.59,1.43,4.08,10.468307135964444
2006-01-29,11.73,27.23,1.4,3.93,10.494686649706667
2006-01-30,13.36,32.52,1.56,4.31,10.521498917226666
2006-01-31,13.43,33.49,1.55,4.31,10.548728657031111
2006-02-01,12.95,33.19,1.51,4.32,10.576360806755556
2006-02-02,14.04,24.9,1.52,4.43,10.604380549155556
2006-02-03,15.34,24.83,1.64,4.33,10.632773295431111
2006-02-04,15.71,19.67,2.38,4.42,10.661524669511111
2006-02-05,15.97,16.28,1.39,2.79,10.690620528391111
2006-02-06,13.08,16.74,2.75,4.9,10.720047028728889
2006-02-07,16.0,11.42,2.74,4.68,10.749790710080001
2006-02-08,18.54,10.95,3.25,4.6,10.779838555377777
2006-02-09,16.64,25.78,2.22,2.52,10.81017801191111
2006-02-10,15.03,41.14,1.49,5.0,10.84079698144
2006-02-11,13.77,11.98,3.31,5.2,10.871683799217777
2006-02-12,14.68,8.89,2.82,5.19,10.902827215217776
2006-02-13,15.62,11.32,2.05,5.08,10.934216374364443
2006-02-14,15.33,12.11,2.2,4.28,10.965840793777778
2006-02-15,13.62,29.58,3.2,4.95,10.997690336248889
2006-02-16,12.12,25.94,1.13,5.35,11.029755187235555
2006-02-17,12.49,12.06,1.19,1.8,11.062025833991111
2006-02-18,11.73,25.15,1.54,4.9,11.094493039502224
2006-02-19,10.93,35.29,1.5,5.31,11.12714780568889
2006-02-20,11.14,36.09,1.36,5.2,11.159981327786667
2006-02-21,10.81,33.15,1.34,5.07,11.192984946524444
2006-02-22,11.06,20.19,1.21,5.68,11.22615009767111
2006-02-23,12.78,15.42,2.04,5.53,11.259468255964444
2006-02-24,14.57,15.77,1.56,5.69,11.2929308816
2006-02-25,15.64,12.3,1.28,5.5,11.326529393493333
2006-02-26,18.31,12.59,2.32,4.81,11.360255202382222
2006-02-27,18.15,15.56,1.49,4.71,11.39409980999111
2006-02-28,18.66,36.04,1.57,3.48,11.428054935786667
2006-03-01,17.46,57.2,1.16,3.89,11.462112607964443
2006-03-02,16.56,24.4,1.47,6.09,11.496265171164444
2006-03-03,15.58,17.72,2.21,6.2,11.530505222862221
2006-03-04,14.22,31.14,1.38,4.97,11.564825535537778
2006-03-05,16.63,21.52,1.62,5.38,11.599219028302223
2006-03-06,17.89,12.76,1.84,3.82,11.633678805297778
2006-03-07,17.28,28.83,2.42,5.64,11.668198230648889
2006-03-08,11.93,44.7,2.82,5.31,11.702770990613333
2006-03-09,11.92,30.59,2.26,4.54,11.737391112462221
2006-03-10,11.52,46.89,3.39,5.32,11.772052948586667
2006-03-11,6.34,83.05,2.57,1.74,11.806751142542222
2006-03-12,6.8,62.18,1.99,5.75,11.841480596017776
2006-03-13,8.36,42.85,1.1,6.21,11.87623643808
2006-03-14,12.52,34.94,2.13,5.99,11.911013996266668
2006-03-15,15.29,33.37,1.68,6.58,11.945808770062223
2006-03-16,15.68,31.8,1.33,4.48,11.980616408782222
2006-03-17,15.68,35.4,1.96,6.19,12.015432687395554
2006-03-18,12.41,45.62,2.9,6.2,12.050253471146668
2006-03-19,7.39,64.41,1.52,3.92,12.085074664426667
2006-03-20,9.62,53.89,1.44,4.76,12.119892151502222
2006-03-21,10.53,51.06,2.65,4.64,12.154701735751113
2006-03-22,11.04,40.95,1.17,6.89,12.189499078186667
2006-03-23,15.62,35.29,2.0,6.31,12.224279630115555
2006-03-24,17.77,27.22,2.51,6.32,12.259038566506666
2006-03-25,18.26,28.97,2.18,6.84,12.293770750364445
2006-03-26,18.65,36.89,1.26,6.0,12.328470765013334
2006-03-27,19.55,37.33,1.27,4.57,12.363133020657777
2006-03-28,17.77,46.28,1.8,3.89,12.397751894613332
2006-03-29,15.62,48.31,3.35,5.57,12.432321830186668
2006-03-30,14.71,42.17,0.97,5.45,12.466837341866666
2006-03-31,17.0,40.82,2.2,4.4,12.501292932551111
2006-04-01,16.47,45.66,2.0,7.13,12.535682989937778
2006-04-02,18.17,29.7,1.1,6.96,12.570001734293333
2006-04-03,20.94,28.86,1.51,6.59,12.604243248426666
2006-04-04,20.42,36.31,1.95,4.37,12.638401564302221
2006-04-05,16.84,42.68,4.02,5.7,12.672470749511112
2006-04-06,14.13,40.27,1.39,7.6,12.706444953955554
2006-04-07,17.08,29.45,1.48,7.41,12.740318411733334
2006-04-08,20.28,25.57,1.55,7.76,12.774085416
2006-04-09,20.45,26.61,1.62,7.01,12.807740288
2006-04-10,17.82,35.87,1.96,5.42,12.84127734904889
2006-04-11,18.17,36.47,1.5,7.69,12.874690898915556
2006-04-12,21.87,25.74,1.93,7.88,12.907975198151112
2006-04-13,24.75,19.62,1.85,7.12,12.941124455217778
2006-04-14,24.01,25.18,3.95,4.74,12.974132807715556
2006-04-15,18.48,38.59,1.5,7.69,13.006994289706666
2006-04-16,20.32,28.52,1.64,7.79,13.039702777777778
2006-04-17,19.09,28.16,2.76,7.93,13.072251921813333
2006-04-18,19.42,20.34,1.54,8.06,13.104635072035556
2006-04-19,20.16,17.67,2.21,8.06,13.136845210737778
2006-04-20,22.12,16.21,1.3,8.09,13.168874892444446
2006-04-21,22.81,17.31,1.63,6.15,13.20071620128
2006-04-22,22.77,21.06,2.95,8.02,13.232360743182223
2006-04-23,17.71,31.12,2.47,8.04,13.263799697422224
2006-04-24,18.76,23.83,1.44,8.07,13.295023926293332
2006-04-25,21.3,18.04,1.49,7.99,13.326024106204445
2006-04-26,21.81,19.84,2.61,8.12,13.35679081831111
2006-04-27,17.19,35.48,2.47,7.07,13.38731455047111
2006-04-28,15.1,50.47,1.59,6.39,13.417585615004443
2006-04-29,21.4,34.92,1.48,8.1,13.447594039573334
2006-04-30,25.76,21.84,1.67,8.14,13.477329505884445
2006-05-01,27.66,17.35,1.75,8.15,13.506781373084443
2006-05-02,27.37,12.79,2.02,7.41,13.535938773546667
2006-05-03,25.89,15.13,2.29,7.36,13.564790725724446
2006-05-04,24.01,19.1,2.94,8.31,13.59332621656889
2006-05-05,22.32,25.53,2.25,8.37,13.621534234702223
2006-05-06,24.04,23.69,1.53,8.27,13.649403769564445
2006-05-07,24.62,19.99,1.97,8.32,13.676923798613334
2006-05-08,25.95,16.88,2.1,8.32,13.70408327736889
2006-05-09,25.47,14.61,1.83,8.47,13.730871135253334
2006-05-10,27.44,15.62,1.35,8.45,13.757276275946667
2006-05-11,27.85,10.58,2.22,7.6,13.783287580088889
2006-05-12,28.77,11.16,1.77,7.54,13.80889390609778
2006-05-13,28.81,12.37,1.93,8.37,13.834084076302222
2006-05-14,29.85,8.98,1.62,8.49,13.858846837937778
2006-05-15,29.95,13.01,2.35,5.57,13.883170795022222
2006-05-16,28.08,32.6,3.52,7.48,13.90704432864
2006-05-17,31.75,20.68,2.47,7.99,13.930455531875555
2006-05-18,31.1,15.07,2.12,8.35,13.953392185635556
2006-05-19,30.93,15.29,2.33,8.52,13.975841786773334
2006-05-20,30.96,14.23,1.69,8.59,13.99779162520889
2006-05-21,30.89,13.91,2.74,8.38,14.019228897884444
2006-05-22,23.0,28.28,3.61,6.44,14.040140840213333
2006-05-23,24.68,20.91,1.75,8.62,14.0605148448
2006-05-24,29.17,13.93,1.59,8.82,14.080338534968888
2006-05-25,30.44,10.77,1.78,8.79,14.099599767253332
2006-05-26,28.84,11.86,2.68,8.86,14.118286568675556
2006-05-27,25.84,21.19,3.72,8.54,14.136387048675555
2006-05-28,23.91,18.44,2.27,9.05,14.153889346986666
2006-05-29,25.37,8.36,1.72,9.02,14.170781654648888
2006-05-30,26.94,8.0,1.56,8.98,14.187052309724445
2006-05-31,29.28,6.83,1.71,9.09,14.2026899232
2006-06-01,31.29,6.03,1.98,9.01,14.217683488213334
2006-06-02,33.86,13.46,2.02,8.45,14.232022446648887
2006-06-03,34.38,15.53,1.59,8.27,14.245696719964446
2006-06-04,34.91,10.83,2.52,8.53,14.25869672224
2006-06-05,33.79,16.49,2.78,8.31,14.271013371555556
2006-06-06,33.59,21.67,2.34,6.71,14.28263809991111
2006-06-07,33.15,29.88,2.67,7.61,14.293562859768889
2006-06-08,32.34,28.33,2.6,8.25,14.303780131662222
2006-06-09,31.92,15.7,2.64,8.85,14.31328293312
2006-06-10,30.67,11.85,1.84,9.08,14.322064817493333
2006-06-11,30.56,10.79,2.24,9.22,14.330119842275556
2006-06-12,30.9,8.57,2.3,8.93,14.337442491342221
2006-06-13,34.02,10.48,1.86,8.49,14.344027570702222
2006-06-14,32.87,11.4,2.61,9.01,14.349870125653334
2006-06-15,30.38,11.21,3.14,8.78,14.354965434311111
2006-06-16,30.36,13.66,1.9,8.91,14.359309098062221
2006-06-17,31.82,12.17,2.15,8.88,14.362897201777777
2006-06-18,33.41,14.1,1.87,8.84,14.365726488711111
2006-06-19,34.52,15.87,2.01,8.74,14.367794493546667
2006-06-20,33.37,14.33,1.88,8.9,14.369099608142221
2006-06-21,33.45,12.86,1.81,8.88,14.369641076195554
2006-06-22,33.68,13.77,1.88,8.65,14.369418932942223
2006-06-23,33.58,14.22,1.94,6.69,14.36843390926222
2006-06-24,34.58,20.63,1.9,6.04,14.36668732775111
2006-06-25,35.51,25.09,2.66,6.33,14.364181023111112
2006-06-26,33.85,25.33,2.12,6.86,14.360917312355555
2006-06-27,34.11,28.94,2.22,7.82,14.356899019057778
2006-06-28,33.95,25.46,1.69,7.75,14.352129529386668
2006-06-29,34.8,24.62,1.38,6.95,14.3466128464
2006-06-30,33.25,27.95,1.74,7.47,14.340353621191111
2006-07-01,34.42,31.37,1.74,7.48,14.333357156515556
2006-07-02,33.29,34.43,2.0,5.92,14.325629392568889
2006-07-03,33.67,33.33,2.81,6.86,14.317176883946667
2006-07-04,33.06,31.83,2.68,6.87,14.30800676519111
2006-07-05,30.62,44.34,1.48,3.72,14.298126709724444
2006-07-06,33.04,36.91,1.9,6.89,14.287544886933334
2006-07-07,32.27,38.42,2.1,4.67,14.276269927004444
2006-07-08,32.94,38.9,1.35,8.17,14.26431088448
2006-07-09,35.18,29.06,1.78,8.2,14.251677172515556
2006-07-10,34.59,23.18,1.9,8.28,14.238378449422223
2006-07-11,35.51,20.05,1.76,8.42,14.224424467875556
2006-07-12,35.79,25.34,2.23,8.24,14.20982494791111
2006-07-13,37.69,24.08,2.52,8.18,14.194589543217777
2006-07-14,37.56,20.07,1.91,8.15,14.178727939413333
2006-07-15,37.35,24.16,1.16,7.22,14.162250049137777
2006-07-16,35.65,29.57,1.36,7.85,14.145166217315555
2006-07-17,33.0,37.49,2.05,7.13,14.127487349333332
2006-07-18,36.67,26.35,1.59,7.91,14.109224921884444
2006-07-19,35.99,28.04,1.93,7.76,14.09039089358222
2006-07-20,36.17,30.51,2.38,6.29,14.070997572124444
2006-07-21,38.08,24.11,2.09,7.92,14.051057481315555
2006-07-22,38.18,23.18,3.24,7.06,14.030583252835555
2006-07-23,37.74,26.86,2.17,7.02,14.009587546524445
2006-07-24,37.42,25.6,1.76,7.26,13.988082996693334
2006-07-25,34.76,41.31,2.32,6.73,13.96608218695111
2006-07-26,29.83,59.76,1.82,7.46,13.943597650773334
2006-07-27,29.03,66.08,2.16,6.28,13.920641884515556
2006-07-28,29.41,62.65,1.77,6.39,13.897227362844443
2006-07-29,28.93,63.52,2.13,6.1,13.873366544
2006-07-30,29.25,60.01,1.95,5.59,13.849071862613334
2006-07-31,29.44,58.48,1.55,6.81,13.824355712284444
2006-08-01,30.67,46.42,2.02,7.29,13.799230417493334
2006-08-02,31.6,38.75,1.32,7.85,13.773708197333335
2006-08-03,31.69,37.47,2.34,6.94,13.747801128248888
2006-08-04,30.48,47.61,1.56,6.03,13.72152111367111
2006-08-05,31.36,34.71,1.51,8.08,13.694879857635556
2006-08-06,32.79,28.74,1.31,7.98,13.667888820551111
2006-08-07,34.06,39.5,2.69,7.56,13.64055913614222
2006-08-08,34.23,40.08,1.2,7.09,13.612901490773334
2006-08-09,31.89,50.61,1.35,5.78,13.58492601792
2006-08-10,31.04,54.37,1.1,6.74,13.556642280106667
2006-08-11,30.28,61.85,0.71,6.51,13.528059386453332
2006-08-12,30.42,53.58,1.08,7.38,13.499186224142221
2006-08-13,31.57,44.52,1.09,7.28,13.470031710791112
2006-08-14,30.87,51.54,1.52,7.15,13.440604964124445
2006-08-15,28.97,59.08,1.7,5.3,13.410915331768889
2006-08-16,30.34,43.54,1.8,7.09,13.380972306204443
2006-08-17,31.27,40.15,1.41,7.57,13.350785394915555
2006-08-18,32.34,29.93,1.27,7.56,13.320364011946666
2006-08-19,33.61,28.02,1.42,7.57,13.289717413262222
2006-08-20,31.36,44.05,2.48,7.21,13.258854662257777
2006-08-21,32.08,43.33,2.44,7.25,13.2277846048
2006-08-22,29.41,55.9,2.21,4.97,13.196515848675556
2006-08-23,31.83,46.74,1.35,6.4,13.165056757333334
2006-08-24,30.59,53.08,1.07,5.39,13.13341546048
2006-08-25,30.36,53.66,1.18,6.8,13.101599876195555
2006-08-26,31.19,43.15,1.68,7.26,13.069617734897777
2006-08-27,32.04,28.06,1.23,7.6,13.037476593564445
2006-08-28,31.37,23.48,2.13,7.38,13.005183842204444
2006-08-29,32.14,31.25,1.73,7.19,12.972746702151111
2006-08-30,32.18,40.39,1.31,6.77,12.940172212835556
2006-08-31,32.3,44.43,1.07,6.62,12.907467211733332
2006-09-01,33.16,33.94,2.11,6.85,12.874638313315556
2006-09-02,31.04,46.9,2.54,6.43,12.841691889351111
2006-09-03,27.9,57.45,3.16,6.48,12.808634041102222
2006-09-04,28.89,50.47,2.77,6.75,12.775470543644444
2006-09-05,29.42,47.2,2.5,6.53,12.742206760035556
2006-09-06,30.03,44.5,1.45,6.75,12.708847559822223
2006-09-07,26.91,55.18,0.83,5.87,12.67539730872889
2006-09-08,27.03,55.69,1.45,6.64,12.641859977671112
2006-09-09,27.04,56.22,1.07,4.57,12.60823936448
2006-09-10,28.05,42.74,1.23,6.1,12.574539345635555
2006-09-11,28.94,35.05,1.49,6.7,12.540764059022221
2006-09-12,28.77,41.27,2.47,6.03,12.506917956337778
2006-09-13,28.8,44.02,1.7,6.12,12.473005743075555
2006-09-14,28.19,43.79,2.37,6.12,12.439032274631112
2006-09-15,25.6,38.32,2.71,6.67,12.405002474382222
2006-09-16,24.24,34.91,1.29,6.9,12.370921293866665
2006-09-17,24.18,25.61,1.98,6.84,12.336793699626668
2006-09-18,24.84,23.62,2.06,6.77,12.302624659911112
2006-09-19,26.43,24.01,1.74,6.67,12.268419127893333
2006-09-20,25.66,29.49,3.14,6.37,12.234182028017777
2006-09-21,22.45,21.72,2.48,6.64,12.199918258702223
2006-09-22,23.29,34.58,2.67,6.06,12.165632706986667
2006-09-23,23.02,31.13,1.4,6.45,12.131330268302223
2006-09-24,24.99,27.63,2.44,6.26,12.097015862897777
2006-09-25,28.33,32.26,2.38,6.17,12.062694450631112
2006-09-26,29.59,32.03,2.07,6.06,12.028371039715557
2006-09-27,29.2,26.4,1.43,6.13,11.99405068295111
2006-09-28,28.82,17.32,1.82,6.15,11.959738460302223
2006-09-29,28.54,16.56,1.53,5.42,11.925439451022221
2006-09-30,28.36,17.54,1.33,5.97,11.891158704853332
2006-10-01,28.93,22.21,1.59,5.72,11.856901209244445
2006-10-02,28.39,27.57,1.64,5.3,11.82267184256
2006-10-03,29.32,28.45,1.32,5.82,11.788475307448888
2006-10-04,29.75,30.85,1.82,4.99,11.754316067697777
2006-10-05,29.3,47.37,3.79,3.64,11.720198338062223
2006-10-06,25.96,48.46,3.47,4.67,11.686126173013333
2006-10-07,22.81,31.69,1.51,5.98,11.652103648568888
2006-10-08,23.06,43.36,1.76,5.69,11.618135079751111
2006-10-09,21.94,44.22,1.96,5.58,11.584225189973333
2006-10-10,21.28,30.83,1.49,5.62,11.550379183004445
2006-10-11,22.63,28.04,1.24,5.63,11.516602720711111
2006-10-12,23.5,25.59,1.61,5.61,11.48290186048
2006-10-13,24.21,35.39,1.58,3.69,11.449282999395555
2006-10-14,20.26,54.19,2.16,4.87,11.415752844515556
2006-10-15,18.27,45.15,0.98,4.97,11.382318399004445
2006-10-16,19.77,41.71,1.59,5.32,11.348986947911111
2006-10-17,18.97,43.88,2.72,5.09,11.315766038897777
2006-10-18,17.93,30.82,1.81,5.36,11.282663467377779
2006-10-19,17.46,25.81,2.21,5.44,11.249687269333334
2006-10-20,19.69,26.41,2.12,5.25,11.216845724515556
2006-10-21,20.69,25.78,1.82,5.17,11.184147364551112
2006-10-22,20.64,23.93,2.67,5.23,11.151600985244444
2006-10-23,22.8,27.33,2.35,3.92,11.119215661724445
2006-10-24,20.63,47.03,1.12,3.01,11.087000759822223
2006-10-25,20.98,56.74,1.75,4.4,11.054965935573334
2006-10-26,16.65,24.64,2.47,5.21,11.023121113173334
2006-10-27,17.73,27.03,2.08,5.09,10.991476449564445
2006-10-28,20.79,22.33,2.88,5.03,10.96004229191111
2006-10-29,18.85,25.14,2.0,3.79,10.928829133724443
2006-10-30,19.02,29.82,1.36,4.8,10.897847564444445
2006-10-31,18.24,26.86,1.55,4.76,10.867108208000001
2006-11-01,18.0,22.01,1.31,4.42,10.836621671608889
2006-11-02,18.78,20.88,1.73,4.2,10.806398533262222
2006-11-03,20.81,29.12,1.78,4.6,10.776449398826665
2006-11-04,21.0,23.44,1.33,4.56,10.746785027484444
2006-11-05,19.77,29.46,2.18,4.34,10.717416487466668
2006-11-06,20.2,27.66,2.32,4.44,10.688355288817778
2006-11-07,22.25,30.76,2.01,4.3,10.659613457351112
2006-11-08,22.73,27.65,1.65,4.4,10.631203544177778
2006-11-09,20.81,30.13,1.79,4.44,10.603138593635556
2006-11-10,19.29,26.59,1.88,4.42,10.575432094648889
2006-11-11,19.11,19.2,2.94,3.19,10.548097929386667
2006-11-12,16.67,29.95,1.17,4.17,10.521150325688888
2006-11-13,15.91,28.51,1.72,3.73,10.494603809777777
2006-11-14,16.78,32.86,1.53,3.72,10.468473162311112
2006-11-15,15.91,17.08,2.18,4.29,10.44277337664
2006-11-16,17.43,14.37,2.07,4.17,10.417519622755556
2006-11-17,18.18,14.69,1.49,4.17,10.392727213511112
2006-11-18,19.35,19.43,1.48,4.04,10.36841157888
2006-11-19,19.82,23.98,3.43,4.08,10.344588246684443
2006-11-20,20.78,27.95,3.97,4.01,10.32127282887111
2006-11-21,21.12,25.32,2.65,3.97,10.298481004231112
2006-11-22,19.57,24.36,1.43,3.61,10.276228487964444
2006-11-23,18.47,24.31,1.6,3.28,10.254530985386666
2006-11-24,17.81,27.5,1.52,2.7,10.233404133617777
2006-11-25,15.94,38.7,1.63,3.9,10.212863434666668
2006-11-26,14.31,41.37,1.27,3.9,10.192924184604445
2006-11-27,12.73,40.72,1.99,3.59,10.173601394702223
2006-11-28,10.97,56.59,1.91,2.59,10.154909713564443
2006-11-29,6.98,36.15,2.86,3.89,10.13686336263111
2006-11-30,4.51,15.46,1.44,3.96,10.119476105884443
2006-12-01,8.84,22.71,1.65,3.81,10.102761262435555
2006-12-02,10.54,26.17,2.68,3.84,10.08673176007111
2006-12-03,9.75,16.9,3.34,3.94,10.071400208213333
2006-12-04,10.51,18.69,2.63,3.89,10.056778968960002
2006-12-05,12.52,18.94,1.88,3.75,10.042880203875555
2006-12-06,12.97,20.5,2.61,3.72,10.029715884515555
2006-12-07,14.79,22.65,3.57,3.72,10.017297763128889
2006-12-08,14.18,33.48,3.87,3.63,10.005637308942223
2006-12-09,14.14,40.89,2.24,3.61,9.994745622755556
2006-12-10,11.37,47.74,2.29,3.38,9.984633347484445
2006-12-11,10.77,39.2,1.25,3.66,9.975310586026666
2006-12-12,10.74,29.11,1.82,3.27,9.966786830506667
2006-12-13,12.11,30.54,1.51,3.46,9.959070902044445
2006-12-14,13.67,38.94,1.64,3.12,9.95217089792
2006-12-15,14.3,39.84,1.56,3.07,9.946094148053334
2006-12-16,13.95,40.94,2.46,2.43,9.940847184284443
2006-12-17,10.64,61.8,1.47,2.49,9.936435718613332
2006-12-18,9.04,47.71,1.42,2.12,9.932864628906666
2006-12-19,7.22,30.48,1.37,2.55,9.930137940551111
2006-12-20,4.86,40.28,1.45,3.61,9.928258808462223
2006-12-21,5.78,35.27,1.17,3.57,9.927229500444444
2006-12-22,5.28,61.55,1.27,1.13,9.927051384248887
2006-12-23,7.28,51.91,1.3,3.5,9.927724918684445
2006-12-24,8.85,38.35,1.45,3.56,9.929249638684444
2006-12-25,9.59,23.58,1.69,3.61,9.931624137813333
2006-12-26,12.45,21.76,1.5,3.24,9.934846052906666
2006-12-27,11.91,36.91,2.37,1.42,9.938912066844445
2006-12-28,7.02,71.57,0.88,1.78,9.94381793607111
2006-12-29,7.41,65.72,1.09,2.81,9.949558546559999
2006-12-30,7.14,51.43,1.06,3.69,9.956127991608888
2006-12-31,7.28,43.4,1.35,3.65,9.96351966272
